id,name,category_id,price
MLA1424067733,Funko Pop Harry Potter 149 Harry Potter,MLA3422,30163.0
MLA1807764998,Funko Pop Tv Zorro #1270,MLA3422,60490.0
MLA1430696915,Funko Pop Star Wars: Baby Yoda El Mandaloriano #368,MLA3422,54590.0
MLA1398638469,Figura De Acción  Pikachu 31528 De Funko Pop! Games,MLA3422,13500.0
MLA1776662714,Funko Pop Messi 10 Argentina Campeón Mundial Copa Qatar 2022,MLA3422,19999.0
MLA1872787570,Funko Demon Slayer Nezuko Kamado 868 Coleccionable,MLA3422,12450.0
MLA1814092702,"Figura Funko Pop, Slash  De La Banda Guns N' Roses",MLA3422,18500.0
MLA1437669413,Funko Julian Alvarez !!,MLA3422,15600.0
MLA1442868993,Muñeco Sonic The Hedgehog Velocidad Premium Pop! 284 Y+,MLA3422,12450.0
MLA1801804504,Figura Funko Pop! - Alice In Wonderland - Mad Hatter 177,MLA3422,60490.0
MLA1442643709,Funko Messi 10 Selección Argentina Campeón!!! Coleccionable,MLA3422,16000.0
MLA1423161019,Funko Pop Mewtwo (581),MLA3422,13500.0
MLA1444125349,Figura De Acción  Freddy Gigante De Funko Action Figure,MLA3422,120000.0
MLA1411354335,Funko Pop Donatello Teenage Mutant Ninja Turtles #1133,MLA3422,36990.0
MLA1433405819,Funko Pop Albus Dumbledore #15,MLA3422,18500.0
MLA1598372806,Figura De Aciccion Satoru Gojo 1114 Jujutsu Kaisen Funko Pop ,MLA3422,31800.0
MLA1317451228,Figura De Acción  Iron Man Glow In The Dark I Am Iron Man/avengers: Endgame 580 De Funko Pop!,MLA3422,67850.0
MLA1377919885,Funko Pop  Star Wars:mandalorian- The Child W/cup,MLA3422,36990.0
MLA1877506948,Funko Pop! Como Entrenar A Tu Dr: Hiccup With Toothless #123,MLA3422,100000.0
MLA1420136511,Funko Pop Iron Maiden Rocks The Number Of The Beast Eddie,MLA3422,36990.0
MLA1376840531,Funko Pop Keychain Demon Slayer Nezuko Kamado Kimetsu,MLA3422,12500.0
MLA1424121759,Figura De Acción  Super Saiyan Goku With Kamehameha/diamond Collection De Funko Pop! Animation,MLA3422,37500.0
MLA1469475518,Jujutsu Kaisen Mystery Box Figura Llavero Poster - Miltienda,MLA3422,29999.0
MLA1409282091,Funko Pop Five Night Freddy Foxy Bonnie Colección,MLA3422,14999.0
MLA1421221229,Figura De Acción  Baby Rocket Guardians Of The Galaxy: Volume 3 67516 De Funko Pop!,MLA3422,33800.0
MLA1768851786,Funko Pop Dipper Pines Gravity Falls 240,MLA3422,50521.8
MLA1546113116,Funko Pop The Boys Soldier Boy,MLA3422,55628.32
MLA1821472632,Funko Pop! Full Metal Alchemist - Edward Elric #1176,MLA3422,37500.0
MLA1876051796,Funko Ironman 23 Marvel Avengers Coleccionable,MLA3422,12450.0
MLA1383961479,Funko Pop My Hero Academia - Himiko Toga #787,MLA3422,33890.0
MLA1764093124,Funko Pop! Stranger Things Dustin #1240,MLA3422,22987.0
MLA1432159679,Figura De Acción Pokémon Eevee De Funko,MLA3422,32000.0
MLA1587585090,Figura De Accion Spider-man (tom Holland) No Way Home 1160 Escena Final Con Traje Version Comic Funko Pop  ,MLA3422,33828.0
MLA1836180908,Funko Pop Five Nights At Freddy Fnaf Juego Roblox Minecraft,MLA3422,17500.0
MLA1423769475,Funko Pop Figura 10cm Lpp Naruto Itachi,MLA3422,65990.0
MLA1512072826,Funko Pop Animation Mirio Togata #1004 My Hero Academia ,MLA3422,29024.1
MLA1829630228,Dinosaurio Kronosaurus Gigante Jurassic World Dominion,MLA3422,85000.0
MLA1393751843,Funko Pop Tanjiro Kimetsu No Yaiba Con Noodles,MLA3422,33800.0
MLA1424067295,Figura De Acción  Ronald Bilius  Ron  Weasley With Scabbers 14938 De Funko Pop! Movies,MLA3422,37500.0
MLA1366788557,Funko Pop! Animation Demon Slayer Nezuko Kamado #868,MLA3422,36990.0
MLA1834227952,Funko Pop Star Wars The Mandalorian With The Child,MLA3422,38327.0
MLA1423226339,Funko Pop Games Pokemon Charmander #455,MLA3422,13500.0
MLA1422154019,Funko Pop Jin (kim Seokjin) 280 Butter Bts ,MLA3422,39999.0
MLA1442390569,Funko Shadow 285 Sonic Colección,MLA3422,12450.0
MLA1437619875,Funko Pop Marvel Spiderverse Spider-man 1223 Miles Morales,MLA3422,43353.0
MLA1595901236,Figura Demogorgon Stranger Things Pop Compatible Funko#428,MLA3422,13500.0
MLA1150463660,Figura De Acción  Funko Harry Potter Harry Potter 5858 De Funko Pop!,MLA3422,15599.0
MLA1825008364,Figura De Acción  Freddie Mercury De Funko Pop! Rocks,MLA3422,42896.0
MLA1420286129,Figura De Acción  Cheshire Cat Alicia En El País De Las Maravillas 6711 De Funko Pop!,MLA3422,39000.0
MLA1827450138,Funko Pop Game Of Thrones Daenerys Targaryen,MLA3422,44900.0
MLA1600753538,Muñeco Deadpool Articulado 18 Cm Con Accesorios Figura,MLA3422,9987.0
MLA1388501522,Paw Patrol Figura Peluche Marshall 16 Cm Int 6058438 Origina,MLA1166,27900.0
MLA1421034857,Jurassic World Sound Surge Indominus Rex Mattel,MLA3422,62910.0
MLA1364409513,Set Combo Godzilla + King Kong 30 Cm Xxl Juguete Articulados,MLA3422,64900.0
MLA1439735031,Muñeco Buzz Lightyear Toy Story 4 Articulado 25 Cm 5603,MLA3422,53750.0
MLA1392480999,Pikachu Pokémon Tomy Peluhe 8 Pulgadas Original Charizard ,MLA1166,10000.0
MLA1430917406,Figura De Acción  Disney Pixar Woody De 12  Woody Diversión De Rodeo Hjb42 De Mattel Toy Story,MLA3422,159990.0
MLA1280823248,Robot Transformer Auto Bumblebee C/arma 18cm Alto,MLA3422,22999.0
MLA933820376,Figura Peluche Fugglers Funny Ugly Monster Grande 32cm,MLA1166,12650.0
MLA1443569600,Robot Camión Convertible 4 Vehiculos En 1 Transformer Ditoys,MLA3422,19330.0
MLA1440101211,Garras De Wolverine X-men Arma Letal De Plastico Flexible,MLA3422,7799.0
MLA1364558905,"Peluche Rainbow Friends Doors Figure, Seek Bordados X1",MLA6563,11500.0
MLA1106555321,Muñecos Dragon Ball Z Goku Black Ultra Instinto 18 Cm,MLA3422,9000.0
MLA1200098647,Sylvanian Trillizos De Gato Persa 05458sy,MLA3422,41990.0
MLA1776678282,Muñeco Ironman Articulado 23cm Marvel 54501,MLA3422,14576.47
MLA1428163109,Muñeco Articulado Figura Accion Dummy 13 + Accesorios Manos ,MLA3422,16850.0
MLA1442629219,Mi Villano Favorito 4 Camara De Transformacion Minions,MLA3422,106450.0
MLA1443113265,Bluey Casa Familiar 2 Pisos Acc + Figura Int 13024 Disney Jr Color Crema,MLA409417,179000.0
MLA1403636753,Esferas Del Dragón Caja De 7 Esferas De Dragon Ball Z ,MLA3422,33001.0
MLA1683772866,Peluche Star Wars The Mandalorian Child Figura Baby Yoda,MLA1166,76980.0
MLA1418727543,Muñeco Dragon Ball Z Articulado Colección Goku Cell Vegeta,MLA3422,17999.0
MLA1429904527,Mi Villano Favorito Mega Fig C/funcion 10 Cm Surt Int 59277,MLA3422,29900.0
MLA1439683623,Figura Coleccionable Harry Potter Hermione 8 Incluye 2 Outf,MLA3422,28813.0
MLA1716935012,Peluche Zuma Peluche Figura Spin Master  Paw Patrol Tamaño 16 Cm,MLA1166,32900.0
MLA1435891231,Kit Paw Patrol Con 6 Cochecitos Y 6 Perros De Juguete,MLA3422,22997.0
MLA1408814017,Juguete Articulado 3d Skibidi Toilet 17cm Pack X5,MLA3422,29000.0
MLA1481897686,Paw Patrol Figura Peluche Rubble 23cm 6058447,MLA1166,42999.0
MLA1735737260,Muñeco Woody Toy Story Figura Accion Que Habla 15 Frases,MLA3422,68990.0
MLA1815082472,Figura De Acción Banpresto  Dragon Ball Super Goku,MLA3422,68290.0
MLA1685942082,Muñeco Dragon Ball Z X1 16cm Con Piezas Intercambiables Goku,MLA3422,14998.0
MLA1791732196,Figuras Sonic  Pack X 9 Hermosas Figuras Importdas ,MLA1166,17999.0
MLA1190745785,Muñeco Soft Woody Toy Story Disney Original New Toys,MLA3422,29400.0
MLA1436037135,Figura De Acción Dummy 13 De 18cm Altura + Kit Armas,MLA3422,12990.0
MLA1437815412,Libro Didáctico Librito De Tela Cruje Sonido Para Bebé 8978,MLA1887,4590.0
MLA1250285263,Wizarding World Harry Potter Hermione Fig Int 6061835 Orig,MLA3422,15900.0
MLA1810049876,Figuras Sonic Pack Compatiblesonic Knuckles The Hedgehog X9,MLA1166,17497.0
MLA1687968426,Juguete Reloj Ben 10 Oferta,MLA3422,9999.0
MLA1147682039,Mini Toys Mini Brands 5 Surprise 7759gq2,MLA3422,15990.0
MLA1876018006,Muñeco Wolverine Más Muñeco Deadpool. Wolverine Y Deadpool,MLA3422,39999.0
MLA1197014214,Sylvanian Familia De Erizos 4 Figuras 4018sy,MLA1166,89990.0
MLA1874972524,Robot Transformer Camion Optimus Prime C/arma 18cm Alto,MLA3422,30144.0
MLA1441844565,Muñeco Capitán América Articulado 23cm Marvel 54499,MLA3422,9095.0
MLA1262702893,Peluche De Paw Patrol Mini Plush 12cm Original Figura Perros,MLA1166,10199.0
MLA912642987,Roblox Figura Misteriosa Con Accesorios Rob0173,MLA3422,7228.0
MLA1114260712,Muñecos Godzilla Vs King Kong Dinosaurio Mono 20 Cm X1,MLA3422,38990.0
MLA1799131972,Muñeco Avenger  Spiderman Hombre Araña  30cm Luz Y Sonido,MLA3422,19740.0
MLA1524432224,Minix Figura Breaking Bad Walter White 12 Cm Int 11827,MLA3422,37524.0
MLA1866327572,New Littlest Pet Shop Set De 2 Mini Mascotas 00525,MLA3422,33960.0
MLA1135319704,Juego De Mesa Didactico Cubi Letras Nupro ,MLA1161,14368.0
MLA1437291285,Muñeco Articulado Maniquí Dummy 13cm + 12 Accesorios + Base,MLA3422,19720.0
MLA1268112535,Malla Body Enterito Niño Safit® Filtro Solar Proteccion Uv50,MLA39961,31459.0
MLA1323541169,Combo Remera Proteccion Solar + Short Agua Uv Spiderman,MLA109042,36234.0
MLA1757176500,Pijama Niños Micro Polar Enterito Personajes Original ,MLA109255,36999.0
MLA1600700776,Malla Enterito Filtro Solar Uv50 Body Agua Certificado ,MLA39961,26619.0
MLA1432184781,Muñeca Baby Babilonia Soft Con Pelo De Muñeca,MLA2968,22863.0
MLA1397562215,Remera Manga Corta + Zunga Dinosaurio Proteccion Solar Uv50,MLA109042,29890.0
MLA1144452044,Pijama Niña Enterito Polar Paw Patrol Licencia Oficial Skye,MLA109255,33725.0
MLA1170307488,Gorro Filtro Uv Proteccion Solar Bebe Legionario Piluso Niño,MLA31439,7458.0
MLA1225727605,Remera Frozen Olaf Musculosa Nena Disney Elsa Princesa ,MLA109042,32750.0
MLA611673764,Pijama Manga Larga Unicornio Niñas Orig Boneco Mundo Manias,MLA109255,27800.0
MLA1395119351,Gorro Para Bebes Con Proteccion Solar Filtro Uv 50,MLA31439,4599.0
MLA1266816691,Conjunto Malla Remera + Short Uv50+ Niña Protección Solar,MLA430281,39165.0
MLA1397611717,Musculosa Infantil - La Sirenita,MLA109042,17050.0
MLA1839163114,Monster High Boneca Skulltimates Secrets Draculaura,MLA2968,199900.0
MLA1225387191,Pijama Stitch Verano Niña Nena Hawaiano Corto Disney Algodon,MLA109255,44490.0
MLA1764063694,Remera Paw Patrol Personajes Dibujo Sky Skye Terrier Nena,MLA109042,21190.0
MLA1597542142,Malla Enterito Filtro Solar Uv50 Body Agua Certificado ,MLA39961,36201.84
MLA896359610,Calza Niña Personajes Varios Stich Minnie Frozen Princesas,MLA95955,8999.99
MLA1382444732,Remera Minnie Mouse Glitter Moño Disney Infantil Nena ,MLA109042,43980.0
MLA1881798572,Boneca Rainbow Junior High Edición Especial Avery Styles,MLA2968,129287.0
MLA1757285784,Enterito Pijama Micro Polar Personajes Original ,MLA109255,36999.0
MLA1249053497,Gorro Filtro Uv Proteccion Solar Bebe Legionario Piluso Niño,MLA31439,10142.88
MLA1327795260,Remera Unisex Algodon Nene Nena Escolar Verano Basica Lisa,MLA109042,37880.0
MLA1429929195,Enterito Pijama Micropolar Paw Patrol. Licencia Nickelodeon.,MLA31419,32000.0
MLA868369030,Pijama Niñas Enterito Polar Unicornio Original Mundo Manias,MLA109255,32900.0
MLA1397765295,Malla Niños Sunga Dinos Proteccion Uv Original,MLA430281,15225.0
MLA1480903624,Conjunto Frisa Spidey. Licencia Oficial Marvel.,MLA39956,40000.0
MLA1397598741,Remera Manga Larga + Short Unicornio Proteccion Solar Uv50,MLA109042,29890.0
MLA1423796799,Boneco He-man Y Los Amos Del Universo Stratos Gnn84,MLA3422,82500.0
MLA1427110711, Pijama Micro Polar Personajes Original 2 Piezas,MLA109255,36999.0
MLA1138317669,Pijama Con Capucha Niñas Enterito Polar Unicornio Original,MLA109255,32900.0
MLA1397027997,Remera Manga Larga + Zunga Tiburon Prot Solar Uv50 Pileta,MLA109042,23990.0
MLA920359063,Pijama Niños Enterito Polar Dinosaurios Dinos Mundo Manias,MLA109255,32900.0
MLA898506766,Remera Agua Minnie Fp Solar Uv50 C/lic Original Talles 4/10,MLA109042,19250.0
MLA1828587638,Pijama Micro Polar Original Enterito Personajes,MLA109255,36999.0
MLA1416360889,Muñeca Aquaman De 30 Cm - Película De Aquaman 2,MLA3422,22900.0
MLA1112266229,Remera Niño Proteccion Solar Uv 50+ Dinos Y Tiburones,MLA430281,24282.34
MLA898508482,Remera Stich Original Con Lic Disney ,MLA109042,16499.99
MLA1757364346, Enterito Con Capucha Micro Polar Niños Pijama,MLA109255,36999.0
MLA1144445614,Pijama Niño Spider Enterito Polar Marvel Licencia Original,MLA109255,33725.0
MLA1757272498,Pijama Enterito Original Niños Micro Polar Personajes,MLA109255,36999.0
MLA1133098316,Pijama Monito Enterito Micro Polar Niño Infantil Safit,MLA109255,33725.0
MLA897165882,Remera Cry Baby Agua Factor Prot Solar Uv50 Coney Lady Pilet,MLA109042,19250.0
MLA1757337874,Enterito Pijama Original Personajes  Micro Polar,MLA109255,36999.0
MLA1757259292, Pijama Original Enterito Personajes Micro Polar ,MLA109255,36999.0
MLA1872522990,Muñeca Rainbow Pets Dodoi - Puppy - Muñeca 825 Bri,MLA2968,33990.0
MLA762021153,Remera Pileta Filtro Solar Uv30 Unicornio Talle 4 A 8 ,MLA109042,17600.0
MLA1757364154,Pijama  Suaves Personajes Micro Polar Original ,MLA109255,36999.0
MLA1757312144,Pijama Enterito Personajes Micro Polar,MLA109255,36999.0
MLA1381684636,Remera Paw Patrol Nene Chase Marshall Ruble Patrulla Canina,MLA109042,19320.0
